year,country,actual_energy_per_capita,predicted_energy_per_capita
2013,Algeria,13978.626000000004,19322.075120954272
2014,Algeria,14937.212000000005,19608.77578828671
2015,Algeria,15430.442000000001,15811.905801948387
2016,Algeria,15103.688000000013,14940.291161550833
2017,Algeria,14962.95799999999,14965.690262927796
2018,Algeria,15753.915000000008,15107.506642180566
2019,Algeria,16037.807000000004,14465.27467694395
2020,Algeria,14733.621999999998,12694.582327604925
2021,Algeria,15808.996999999987,13658.074463019586
2022,Algeria,16145.355000000001,15160.798818225734
2023,Algeria,16994.39599999999,15769.922552275433
2024,Algeria,16237.208000000006,15503.593504489858
2013,Argentina,23705.771000000015,29154.98474009127
2014,Argentina,23080.312000000016,27731.59955908113
2015,Argentina,23230.51399999998,29298.90263087501
2016,Argentina,22909.24000000002,27820.645969731413
2017,Argentina,22511.043000000012,30155.453245241406
2018,Argentina,22081.709000000003,25214.514281988206
2019,Argentina,20582.338000000003,19462.58477691444
2020,Argentina,19117.844000000005,14268.00445850011
2021,Argentina,20925.641000000003,14287.7718278067
2022,Argentina,22049.956999999995,15772.557689717993
2023,Argentina,22053.07600000002,15405.361213784756
2024,Argentina,21513.966999999982,14175.712204780568
2013,Australia,66946.60199999996,92277.73327441912
2014,Australia,66387.85900000004,83704.16415929547
2015,Australia,66879.445,73576.69289771824
2016,Australia,66045.82,62748.558117006956
2017,Australia,64778.14099999997,61663.220778357
2018,Australia,64726.54299999998,56098.057579445216
2019,Australia,65938.67199999998,48298.70981939042
2020,Australia,61584.387,39491.17460605161
2021,Australia,61230.58600000002,34941.68714215923
2022,Australia,63386.67599999994,31969.461473985422
2023,Australia,62658.19899999996,26765.377818079625
2024,Australia,62595.163999999975,24105.88794274942
2013,Austria,48441.76999999996,62095.09145417137
2014,Austria,46197.98000000002,56266.02704337386
2015,Austria,45856.56200000003,46045.309478813775
2016,Austria,46882.23799999997,44538.43172149211
2017,Austria,47457.812,41430.11046629141
2018,Austria,46190.93400000004,42801.75188555897
2019,Austria,48189.23399999999,37816.16740251799
2020,Austria,44852.355,36328.686885398
2021,Austria,45314.429999999964,37355.78594556142
2022,Austria,42122.31599999999,30543.402867254936
2023,Austria,43148.26199999999,26092.15608874072
2024,Austria,45208.55499999997,21515.454327561183
2013,Azerbaijan,16225.344999999988,29611.165933976634
2014,Azerbaijan,16326.430999999986,29520.324821075475
2015,Azerbaijan,17618.11300000001,23175.32531715665
2016,Azerbaijan,17246.202999999994,17490.95806053059
2017,Azerbaijan,16748.21500000001,17679.723568404268
2018,Azerbaijan,17546.954999999994,18174.50106348251
2019,Azerbaijan,18385.993999999988,18391.078399144866
2020,Azerbaijan,18162.853999999992,17251.095129113142
2021,Azerbaijan,19302.621,19460.182336456593
2022,Azerbaijan,20425.552999999996,24439.415630571035
2023,Azerbaijan,21072.854999999996,22445.967513727068
2024,Azerbaijan,20137.49999999998,20625.638132449338
2013,Bangladesh,1958.5550000000003,5539.926826362931
2014,Bangladesh,2016.6409999999998,5796.082919742644
2015,Bangladesh,2416.200999999999,6169.086127849482
2016,Bangladesh,2404.6800000000003,7333.131054175451
2017,Bangladesh,2484.586,7388.132187105079
2018,Bangladesh,2631.3599999999997,7429.222054750233
2019,Bangladesh,2926.161000000001,8141.63664786522
2020,Bangladesh,2750.767999999999,8591.881625780088
2021,Bangladesh,2937.3369999999995,8132.114883254625
2022,Bangladesh,3023.728999999998,7998.816954461164
2023,Bangladesh,2954.8500000000004,8008.7892766831255
2024,Bangladesh,3048.3139999999976,7445.911184740063
2013,Belarus,31085.462999999992,33516.129255016334
2014,Belarus,31127.76800000003,33389.83401738563
2015,Belarus,28139.03100000002,26552.38153997526
2016,Belarus,28718.506,22421.130349745228
2017,Belarus,29259.439000000002,24153.37672686923
2018,Belarus,32402.882999999983,24710.731970430574
2019,Belarus,32726.919999999973,25033.30452747215
2020,Belarus,30643.522999999994,23107.50554215838
2021,Belarus,33803.266000000025,25124.245630585498
2022,Belarus,33087.09000000001,25983.86051478128
2023,Belarus,33297.98000000002,24643.773500583535
2024,Belarus,34632.71499999998,24981.470425971744
2013,Belgium,62894.706999999995,57081.666577232434
2014,Belgium,58059.49600000002,51249.17037808819
2015,Belgium,58306.894999999975,42151.14989371745
2016,Belgium,62607.52299999996,44509.713651532686
2017,Belgium,62940.25800000004,42715.05618917233
2018,Belgium,62493.000000000044,40164.37042744885
2019,Belgium,64258.71499999999,37363.4250976756
2020,Belgium,57530.558999999994,29492.704450971632
2021,Belgium,63805.86700000004,34422.238799771614
2022,Belgium,59651.887000000046,29422.93790908861
2023,Belgium,55542.285000000025,24328.048666490093
2024,Belgium,54871.137000000024,25948.619825687627
2013,Brazil,17638.985999999997,16421.11554968723
2014,Brazil,17870.574000000008,15177.440647211113
2015,Brazil,17530.332000000006,11287.082909661985
2016,Brazil,16983.99399999999,9568.410399955075
2017,Brazil,16988.62299999999,9489.95305245605
2018,Brazil,16915.361,8382.186953694656
2019,Brazil,17194.147999999994,7518.156519517845
2020,Brazil,16401.881000000012,5739.361500961717
2021,Brazil,17089.93,5447.267121008288
2022,Brazil,17744.196999999996,5041.7283287081145
2023,Brazil,18252.031000000006,4386.136870200143
2024,Brazil,18486.23400000001,3545.012835381415
2013,Bulgaria,27270.529000000002,23326.39543517097
2014,Bulgaria,29286.78499999999,24108.46630290468
2015,Bulgaria,31303.598,21275.339363131483
2016,Bulgaria,29901.185999999994,21049.925367629014
2017,Bulgaria,30834.827999999983,22223.338018976636
2018,Bulgaria,31149.313999999988,22770.55363544598
2019,Bulgaria,30328.124999999978,21931.300434570087
2020,Bulgaria,28177.817999999992,20584.57814939229
2021,Bulgaria,32263.496000000025,24570.64080399137
2022,Bulgaria,33606.265999999996,24568.97556170531
2023,Bulgaria,29007.549000000017,18888.984580296696
2024,Bulgaria,28381.805,15752.148563756089
2013,Canada,113459.01599999993,67941.8573891695
2014,Canada,112508.57000000002,64534.97671818615
2015,Canada,111824.5,50082.84456163615
2016,Canada,109289.60200000003,45915.0314016605
2017,Canada,109394.31200000008,47415.67843247429
2018,Canada,109464.96100000001,46854.604020940315
2019,Canada,107455.76600000008,45833.20450576055
2020,Canada,100465.242,42000.63528263822
2021,Canada,100431.13300000006,46132.38627103188
2022,Canada,102122.55500000004,46713.03821940405
2023,Canada,98930.12499999993,43928.90450728836
2024,Canada,97784.66399999993,41250.73302400831
2013,Chile,23393.468999999994,29258.223627966578
2014,Chile,22924.914000000015,24894.09473072621
2015,Chile,22952.103999999992,20895.14766173288
2016,Chile,23753.172000000013,19204.328970155333
2017,Chile,24265.92600000001,17291.656480524456
2018,Chile,24785.59199999999,16335.406805081471
2019,Chile,24689.347999999994,13739.246130945536
2020,Chile,22842.786999999993,10667.906380872097
2021,Chile,24509.162,9955.56691224554
2022,Chile,25750.818000000014,7205.537854932861
2023,Chile,25306.41600000002,6087.021754147378
2024,Chile,26245.32200000001,5176.487264723665
2013,China,24548.492000000017,15687.769001103412
2014,China,25021.808999999983,15559.954253980972
2015,China,25166.629000000008,14842.393164918574
2016,China,25125.63299999998,13424.418078227678
2017,China,25949.13500000001,12756.754329516187
2018,China,27068.060999999983,12552.239810767069
2019,China,28231.928000000004,11929.841981768779
2020,China,29095.935999999998,11291.763028213212
2021,China,30738.947,10997.495500552724
2022,China,31235.70899999998,9616.202767876463
2023,China,33089.070000000014,8323.587436102423
2024,China,34514.45699999998,7169.238857896516
2013,Colombia,10509.717999999995,19299.964868712188
2014,Colombia,10964.926000000007,18726.948859503947
2015,Colombia,10738.832000000006,14959.965884142164
2016,Colombia,11569.521999999994,13985.83277320193
2017,Colombia,11535.705000000009,14057.506666269996
2018,Colombia,11652.97900000001,14176.67129875824
2019,Colombia,11495.889000000008,13541.586457466563
2020,Colombia,10227.398999999998,12018.761813567975
2021,Colombia,11053.641000000003,12115.995285922785
2022,Colombia,12123.162999999995,12088.36939867329
2023,Colombia,11760.219999999994,12239.148936032176
2024,Colombia,11645.50500000001,12430.715214328919
2013,Croatia,22646.155999999984,34174.236304507365
2014,Croatia,22753.914000000015,29675.107119464363
2015,Croatia,21755.933999999997,24904.80638881885
2016,Croatia,22901.75999999998,23622.528996000907
2017,Croatia,23236.057000000004,22525.702524306897
2018,Croatia,24388.77699999998,22724.406012555377
2019,Croatia,24035.667999999987,21627.62419042747
2020,Croatia,23110.982000000015,19055.20350304765
2021,Croatia,25050.48400000002,19255.58990881194
2022,Croatia,23846.327999999983,16934.231988970758
2023,Croatia,26982.85700000001,16734.67017512286
2024,Croatia,26615.818000000003,14755.745373995016
2013,Cyprus,23886.915999999994,23830.36877612795
2014,Cyprus,23544.074000000015,22996.54291245012
2015,Cyprus,23932.490000000016,18827.96613805071
2016,Cyprus,25655.028999999988,19053.616388152033
2017,Cyprus,25988.953000000016,19734.586164664022
2018,Cyprus,25546.662000000015,20425.340925683522
2019,Cyprus,25255.028999999977,19470.255144331884
2020,Cyprus,21718.069999999992,16946.64785723174
2021,Cyprus,22654.43400000002,17117.28075885049
2022,Cyprus,23791.674000000014,16297.438660164313
2023,Cyprus,23878.47999999999,15371.749908774185
2024,Cyprus,24552.00800000001,13966.886508071788
2013,Czechia,46638.33999999997,57903.451237066845
2014,Czechia,45633.62900000001,54041.92608378182
2015,Czechia,44726.312000000005,48671.0998881251
2016,Czechia,44092.188000000024,50909.746442437834
2017,Czechia,46539.027,51361.153088669285
2018,Czechia,46357.94099999998,54212.675980991866
2019,Czechia,45278.363,51945.630381916395
2020,Czechia,41949.20700000003,49677.63649578316
2021,Czechia,44290.46100000004,54296.6681794238
2022,Czechia,42043.55100000003,52281.712007339615
2023,Czechia,38043.90200000003,50677.48417403604
2024,Czechia,36589.94100000003,44831.07781101678
2013,Denmark,37701.08600000002,17901.12560387257
2014,Denmark,36068.89100000002,11468.398845396281
2015,Denmark,35008.297,7748.093491311827
2016,Denmark,35194.86699999998,9862.738418571951
2017,Denmark,35209.10500000002,6990.5417658396
2018,Denmark,34540.14100000001,7865.635163753158
2019,Denmark,37286.02000000001,6000.776232436051
2020,Denmark,32953.23000000001,4167.761626221643
2021,Denmark,32757.148000000027,4476.154674628195
2022,Denmark,32904.23399999999,2517.916501468298
2023,Denmark,32816.96899999998,2080.2913410657193
2024,Denmark,32832.72300000002,1685.6704012103646
2013,Ecuador,11356.245000000003,10599.387466183487
2014,Ecuador,11759.419000000009,10592.845138351704
2015,Ecuador,11560.563999999995,9895.602514881119
2016,Ecuador,11354.303000000004,9868.32037328962
2017,Ecuador,11641.762000000012,10273.976165020242
2018,Ecuador,12104.775,9964.475265277162
2019,Ecuador,12187.629999999997,9764.962322874135
2020,Ecuador,10421.881999999996,8919.253382898547
2021,Ecuador,12023.080000000002,9220.029276543733
2022,Ecuador,12495.517000000003,9282.936317285941
2023,Ecuador,12916.238999999994,9017.096679403234
2024,Ecuador,12722.124000000002,8814.987527935391
2013,Estonia,58779.137,74867.48059078754
2014,Estonia,56422.21900000001,73340.15079893605
2015,Estonia,52205.72300000001,57302.95970547079
2016,Estonia,53779.387,62983.399338447445
2017,Estonia,59576.14499999998,66017.52638105744
2018,Estonia,58913.63700000002,71072.97722697843
2019,Estonia,47303.273000000016,58266.84986352457
2020,Estonia,44173.070000000014,41836.34326459799
2021,Estonia,46139.468999999975,50167.48974236334
2022,Estonia,46892.24600000002,49082.48215540431
2023,Estonia,41164.26199999999,43156.89653888654
2024,Estonia,40987.72299999997,29592.528746151806
2013,Finland,62842.21500000004,74110.42597914327
2014,Finland,60389.10900000002,70467.45779726679
2015,Finland,60020.71500000001,52991.13702686178
2016,Finland,60793.02699999995,48437.91372272164
2017,Finland,59403.574,41259.69142058654
2018,Finland,60525.74999999995,38967.3149405522
2019,Finland,59219.214999999975,35278.2064428453
2020,Finland,56776.664000000026,27386.899626519604
2021,Finland,57855.25400000001,28396.60625437828
2022,Finland,57499.89799999999,18390.564910931866
2023,Finland,59656.23000000003,15210.739476269333
2024,Finland,59565.18000000004,8772.907324172555
2013,France,45428.76999999999,49136.55183760624
2014,France,43247.429999999986,45901.7299576164
2015,France,43493.34799999998,38087.66035021518
2016,France,42506.27,37251.90950981933
2017,France,42218.58999999999,35909.102690669395
2018,France,42589.29700000003,34955.35216564938
2019,France,41554.42200000001,30638.354014195385
2020,France,37087.58200000003,25791.321812937007
2021,France,39307.25399999997,29028.218585434268
2022,France,34796.07000000001,23129.859206851565
2023,France,36221.52300000001,20605.835060240115
2024,France,37865.63700000003,22266.631864561245
2013,Germany,47735.000000000044,37270.372647822434
2014,Germany,45596.52699999998,33008.97001092405
2015,Germany,46064.51200000003,24038.389904630283
2016,Germany,46416.72999999997,24622.276720940004
2017,Germany,47525.48399999999,20349.31494340886
2018,Germany,46125.52300000003,19245.55578213088
2019,Germany,44922.72300000001,15153.487456879646
2020,Germany,41838.70700000002,12378.90299010437
2021,Germany,42994.265999999996,16406.87012451292
2022,Germany,41094.14800000002,12149.140446250116
2023,Germany,37598.51199999999,8934.929404422055
2024,Germany,37792.53099999998,8599.060974179616
2013,Greece,29934.25,24311.654359925542
2014,Greece,28266.47999999999,22949.5095955814
2015,Greece,28807.65199999999,17265.698413426126
2016,Greece,28489.996000000014,15546.816616684999
2017,Greece,29962.11900000002,16197.643133658004
2018,Greece,30199.63100000002,15700.789968732652
2019,Greece,29564.464999999997,12302.123687523446
2020,Greece,25885.402000000013,8099.624906313241
2021,Greece,28596.426000000007,8278.377839235734
2022,Greece,30188.368999999973,6914.539154094975
2023,Greece,29864.45499999998,6022.2408734604305
2024,Greece,31965.987999999983,5841.568475714656
2013,Hungary,24070.616999999995,38844.883297769
2014,Hungary,24158.36500000002,37069.73950689756
2015,Hungary,25514.333999999977,33145.79836505771
2016,Hungary,26043.051,33518.416582363694
2017,Hungary,27519.470999999987,34627.99897416668
2018,Hungary,27746.377000000008,35451.72154955123
2019,Hungary,28135.520999999982,32420.96242709955
2020,Hungary,27727.52300000001,29886.73642846563
2021,Hungary,29250.552999999978,29162.83887966064
2022,Hungary,27575.367000000006,24533.873899245118
2023,Hungary,26357.89500000002,21904.662422979338
2024,Hungary,26952.175999999996,18729.69235742129
2013,Iceland,181311.10900000014,76813.74128945958
2014,Iceland,179037.93799999985,79466.76481158886
2015,Iceland,184962.18800000014,78795.09282988228
2016,Iceland,183122.64099999995,85404.08826720655
2017,Iceland,187043.203,92699.93385373607
2018,Iceland,188364.4690000001,88090.9577362163
2019,Iceland,175593.4379999999,79996.28626932093
2020,Iceland,158445.45299999992,69908.20979689162
2021,Iceland,162761.85900000014,79043.25630445479
2022,Iceland,167551.89100000006,81331.94520610184
2023,Iceland,165328.43799999997,81608.35890855372
2024,Iceland,159696.28099999996,80972.29886127755
2013,India,5527.780999999999,4286.966588805259
2014,India,5831.643000000002,4462.3748088859
2015,India,5943.0300000000025,4361.934787598128
2016,India,6148.2139999999945,4204.60255802731
2017,India,6304.287999999996,4289.552983942972
2018,India,6593.1700000000055,4022.4051425501343
2019,India,6682.068000000004,3883.06431177887
2020,India,6268.436999999995,3518.9416827745285
2021,India,6749.357999999998,3914.4372924331533
2022,India,7057.187000000006,3720.023817258307
2023,India,7529.440999999998,3766.0062725812745
2024,India,7812.927999999997,3806.4264447243436
2013,Indonesia,7131.105999999994,8823.238723792978
2014,Indonesia,7171.867000000004,8582.247270298025
2015,Indonesia,7243.953000000002,8510.32128079382
2016,Indonesia,7120.3080000000045,8901.014286997803
2017,Indonesia,7569.616999999998,9106.04733977259
2018,Indonesia,7896.082999999998,8721.933741118477
2019,Indonesia,8271.659,9528.093150747365
2020,Indonesia,7700.859000000006,9163.198503885385
2021,Indonesia,7937.189000000002,9561.01782414066
2022,Indonesia,9859.905999999995,10906.854465928755
2023,Indonesia,9904.813999999993,10934.325471951875
2024,Indonesia,10528.603000000003,10913.456647281784
2013,Iraq,13759.097000000002,10764.685558385714
2014,Iraq,13055.957999999991,10146.964602681282
2015,Iraq,12548.279000000008,7741.7641573762285
2016,Iraq,13119.030999999995,7908.197039962506
2017,Iraq,15213.580999999996,8128.756276096434
2018,Iraq,15464.562999999995,9428.291670481773
2019,Iraq,16212.401999999993,10129.264691612061
2020,Iraq,14121.960999999994,8346.69682538294
2021,Iraq,14358.397999999997,8277.463255708726
2022,Iraq,15429.918000000009,9948.760856146258
2023,Iraq,15925.56900000001,9059.618048286437
2024,Iraq,16002.374999999998,8951.030521345494
2013,Ireland,35677.965,42001.223883638064
2014,Ireland,35325.559,38662.375241424714
2015,Ireland,36983.53499999999,33620.869100834236
2016,Ireland,38268.816000000035,36686.44669117136
2017,Ireland,37987.91400000002,31138.748568578612
2018,Ireland,38348.42599999998,26990.831437587254
2019,Ireland,38065.92200000001,21064.170267655314
2020,Ireland,35440.219,15246.990264166017
2021,Ireland,35773.26600000003,23650.698791951778
2022,Ireland,36487.82800000003,19102.03657783054
2023,Ireland,34725.753999999986,15265.673034380796
2024,Ireland,34594.28900000001,15656.384375471085
2013,Israel,34478.28499999999,85268.91189877964
2014,Israel,33002.12099999998,84270.19276182361
2015,Israel,34152.93000000003,76527.93846755468
2016,Israel,34174.40199999998,73273.25972833173
2017,Israel,34165.78100000002,74831.18350749637
2018,Israel,34337.328000000016,74142.35446023558
2019,Israel,34826.30900000003,68966.77538676927
2020,Israel,32400.560999999987,64724.16621861936
2021,Israel,32656.67600000001,64266.71255875337
2022,Israel,33816.85199999999,60768.38009473351
2023,Israel,30724.02300000002,44368.06612488001
2024,Israel,29591.479000000014,38019.63332312057
2013,Italy,30716.325999999983,32159.145150891494
2014,Italy,29940.529000000002,29401.55591779393
2015,Italy,30350.098000000005,26262.724942898614
2016,Italy,30333.948999999982,25448.840870962646
2017,Italy,30594.762000000024,25457.630107070876
2018,Italy,30853.688999999977,26221.834640017627
2019,Italy,30599.536999999982,23612.31720014007
2020,Italy,27764.100000000017,21745.996350101104
2021,Italy,29887.200999999994,23588.824759417083
2022,Italy,29444.693000000007,20874.001659474612
2023,Italy,28246.574000000008,18706.889217058502
2024,Italy,28584.546999999984,17863.402342865713
2013,Japan,43658.50000000002,50026.8851075312
2014,Japan,42606.805000000015,45599.0733763136
2015,Japan,42138.88300000001,39923.424287400616
2016,Japan,41646.93000000001,41458.0316169025
2017,Japan,42137.57799999999,38737.69014997098
2018,Japan,41899.99600000002,37315.794936236016
2019,Japan,41086.23400000003,35623.82168232851
2020,Japan,38203.23400000002,32783.04870009039
2021,Japan,40020.18399999999,31475.976093151505
2022,Japan,39974.96099999997,26414.66583132914
2023,Japan,39064.851999999984,24198.648161632755
2024,Japan,38745.054999999986,22880.03613465353
2013,Kazakhstan,41671.598000000005,53291.82831525651
2014,Kazakhstan,43169.09399999997,49181.47308584662
2015,Kazakhstan,35163.97999999999,39227.8380539034
2016,Kazakhstan,38735.784999999974,31557.28723972444
2017,Kazakhstan,41010.66799999999,35744.47626021816
2018,Kazakhstan,41684.41799999999,35974.51765575156
2019,Kazakhstan,41579.01599999999,34299.06019607759
2020,Kazakhstan,37775.097999999976,31032.16392709656
2021,Kazakhstan,41644.21899999997,31112.81727600873
2022,Kazakhstan,40893.456999999966,32308.75616724388
2023,Kazakhstan,41624.977000000006,33053.59937048997
2024,Kazakhstan,41865.30099999999,32679.947538960016
2013,Kuwait,127885.52299999993,90589.70923072127
2014,Kuwait,119276.65599999993,82712.90937204415
2015,Kuwait,122226.82000000007,63131.65302356729
2016,Kuwait,116374.61699999994,59401.3964404691
2017,Kuwait,112402.47699999994,59815.38001547495
2018,Kuwait,111576.44499999993,61359.72262468562
2019,Kuwait,99693.96099999997,57125.67663683531
2020,Kuwait,95379.328,48255.97465886525
2021,Kuwait,107582.50799999993,57467.047448278994
2022,Kuwait,102112.367,66384.94387836239
2023,Kuwait,103091.04699999993,58967.515638907345
2024,Kuwait,106399.586,55035.7310291536
2013,Latvia,22147.86899999998,37790.70591003347
2014,Latvia,20568.438999999984,36404.87531017941
2015,Latvia,21293.231999999996,30661.33568922043
2016,Latvia,22950.72999999999,31147.474821925673
2017,Latvia,25379.521000000015,31347.67104652741
2018,Latvia,22826.49999999999,36243.62173190364
2019,Latvia,23645.68400000001,33185.0667464664
2020,Latvia,21682.938,31490.654899393958
2021,Latvia,22845.90199999999,35457.71489989978
2022,Latvia,20474.739999999987,28893.312448851604
2023,Latvia,21655.676000000007,27432.932850716978
2024,Latvia,20722.95100000002,25390.671908981665
2013,Lithuania,21436.427999999993,33869.14418037546
2014,Lithuania,20866.72900000001,32531.5278127169
2015,Lithuania,22064.12099999998,25917.642735058525
2016,Lithuania,22908.757999999994,21314.70851748741
2017,Lithuania,24440.99200000001,21244.94823469625
2018,Lithuania,25324.251999999982,25079.140191958508
2019,Lithuania,25258.264000000006,21033.820667282842
2020,Lithuania,25143.689000000006,21349.628426033454
2021,Lithuania,25103.210999999996,24466.845091019073
2022,Lithuania,23098.574000000004,19079.478315061093
2023,Lithuania,24025.78700000001,11745.658536199864
2024,Lithuania,25660.837999999992,7463.514366842149
2013,Luxembourg,84098.90599999994,164935.87068506406
2014,Luxembourg,79595.09399999998,163345.5699869987
2015,Luxembourg,75565.75000000006,137571.8605320362
2016,Luxembourg,72770.328,133201.92969432753
2017,Luxembourg,74364.69499999996,120536.4065214076
2018,Luxembourg,76359.78900000005,119424.81423711986
2019,Luxembourg,76257.09400000007,111331.77252622682
2020,Luxembourg,64294.847999999954,103383.30125179305
2021,Luxembourg,67498.10900000003,115071.4073530177
2022,Luxembourg,59427.71099999998,94743.16623499886
2023,Luxembourg,56683.125,82153.80603009016
2024,Luxembourg,59051.21500000002,77859.33017993085
2013,Malaysia,36091.86299999998,29950.99868825659
2014,Malaysia,35757.515999999974,29932.3075170652
2015,Malaysia,35686.09799999997,28051.373264774982
2016,Malaysia,36876.895,25933.213897654834
2017,Malaysia,36732.15199999998,26796.21783737598
2018,Malaysia,36769.854999999974,27940.376304284797
2019,Malaysia,37119.55500000001,26132.12708863795
2020,Malaysia,35317.565999999984,25608.850758155826
2021,Malaysia,36500.800999999985,27361.711488811987
2022,Malaysia,39068.78100000001,26528.766877459584
2023,Malaysia,37724.656,23801.193318761187
2024,Malaysia,38865.914000000004,24154.359959092693
2013,Mexico,18952.094000000016,18587.977497336095
2014,Mexico,18621.6,18082.843629258066
2015,Mexico,18215.742000000002,15901.434979166654
2016,Mexico,18618.855000000007,14340.497416896982
2017,Mexico,18879.305000000004,15027.675180274033
2018,Mexico,18337.247999999985,14838.222956660824
2019,Mexico,17971.646000000015,13412.989169038292
2020,Mexico,16329.479999999992,10432.738367830223
2021,Mexico,17223.483999999986,10429.988411041923
2022,Mexico,17858.704999999998,10920.881805390858
2023,Mexico,17682.66800000001,12504.358678964676
2024,Mexico,17653.782999999992,12315.208232439618
2013,Morocco,6333.0830000000005,6643.813739919552
2014,Morocco,6344.883000000002,6445.779059460015
2015,Morocco,6381.811999999995,5661.725708523964
2016,Morocco,6376.426999999998,4930.095455775149
2017,Morocco,6595.904000000004,5018.577511614511
2018,Morocco,6747.097000000001,4686.795165723318
2019,Morocco,7286.238999999994,4455.167290716003
2020,Morocco,6625.938999999995,4190.592426031805
2021,Morocco,7275.991000000003,4398.46503344259
2022,Morocco,7146.288000000001,3909.912765300929
2023,Morocco,7189.815999999994,3477.940649191855
2024,Morocco,7256.857999999997,3139.010609975991
2013,Netherlands,62644.20300000003,68434.69103759361
2014,Netherlands,59678.69900000003,65520.27736376447
2015,Netherlands,60001.468999999975,55659.13072867709
2016,Netherlands,60683.78899999998,53605.1609142791
2017,Netherlands,60761.29299999999,50238.78660828829
2018,Netherlands,58901.60899999998,50184.29045482372
2019,Netherlands,58248.84,45669.73857390542
2020,Netherlands,56095.773000000016,35457.59062407627
2021,Netherlands,57247.406,33143.00193256512
2022,Netherlands,53288.550999999985,23154.835205407308
2023,Netherlands,51949.797000000035,16618.032498642056
2024,Netherlands,50824.55899999999,14349.569087918917
2013,New Zealand,53790.43000000003,53092.08558858531
2014,New Zealand,55423.20300000002,52538.01051158324
2015,New Zealand,54663.62099999999,44042.72561068063
2016,New Zealand,54230.99199999997,43631.80186081036
2017,New Zealand,53989.32800000002,46248.27052932945
2018,New Zealand,52735.421999999955,44794.6065221811
2019,New Zealand,52825.28100000001,43007.617708369165
2020,New Zealand,47201.20299999999,40585.727114559144
2021,New Zealand,46175.897999999965,41620.46276475992
2022,New Zealand,45347.651999999995,37181.83089108576
2023,New Zealand,46345.12100000003,35220.061236667585
2024,New Zealand,44712.12500000001,29390.7715571152
2013,North Macedonia,14961.198999999997,27971.536575975053
2014,North Macedonia,13996.883999999996,25672.764430693278
2015,North Macedonia,14884.73900000001,20380.307436941865
2016,North Macedonia,15598.600999999993,20163.634766910196
2017,North Macedonia,15165.26100000001,22047.797648725045
2018,North Macedonia,15849.746000000008,22588.60700901767
2019,North Macedonia,16366.77100000001,23812.89913863325
2020,North Macedonia,14801.46899999999,21312.770397889002
2021,North Macedonia,15665.547000000011,22115.328064694895
2022,North Macedonia,16701.57600000001,21131.624696236864
2023,North Macedonia,17753.396000000008,18658.481509780882
2024,North Macedonia,16220.345000000014,17567.650461167923
2013,Norway,102997.49200000001,120623.62808491028
2014,Norway,105490.03100000008,112848.79912687077
2015,Norway,105837.88299999996,90198.97185699383
2016,Norway,106501.33600000004,87854.26470123796
2017,Norway,106155.6950000001,87683.20427299313
2018,Norway,103851.664,84408.06238267127
2019,Norway,96479.96900000006,70133.43397295603
2020,Norway,103431.45300000004,50831.27592075288
2021,Norway,105250.95299999998,56218.54476961319
2022,Norway,97781.13300000007,48695.35641300071
2023,Norway,99924.60899999995,43611.60490237881
2024,Norway,99635.17200000005,40945.90270865707
2013,Oman,82845.73399999995,80858.7712611561
2014,Oman,78944.953,76720.72782470928
2015,Oman,80629.93799999998,65422.45578025326
2016,Oman,77125.23400000005,58829.35738151917
2017,Oman,77559.74999999994,57723.07623327599
2018,Oman,81779.25000000001,60956.21345492352
2019,Oman,81331.37499999996,58496.89471845785
2020,Oman,79946.39799999994,55799.30278877196
2021,Oman,88513.258,58189.15189096077
2022,Oman,89755.78099999993,58640.37541569316
2023,Oman,86223.41400000008,53454.49062940321
2024,Oman,84611.40600000003,51913.52332446711
2013,Pakistan,3673.496,4873.821630619231
2014,Pakistan,3669.798,4768.072130292696
2015,Pakistan,3816.6,4809.727162026917
2016,Pakistan,4090.3159999999993,4663.866578151073
2017,Pakistan,4263.787999999996,4721.636441594277
2018,Pakistan,4263.363999999998,5033.646671675283
2019,Pakistan,4218.508999999999,4645.589464979542
2020,Pakistan,4083.6720000000014,4302.5451498954935
2021,Pakistan,4451.399999999996,4510.343775175529
2022,Pakistan,4017.6399999999967,4155.911304379154
2023,Pakistan,3653.4350000000018,3827.4303215574614
2024,Pakistan,3535.542999999999,3945.2878543917273
2013,Peru,8806.179999999998,16119.694498555004
2014,Peru,8926.520999999999,15470.805994666642
2015,Peru,9247.935999999994,13808.022375004544
2016,Peru,9684.880999999992,13177.813866246392
2017,Peru,9691.754,13009.891937207745
2018,Peru,9982.729000000003,12205.557160494143
2019,Peru,10064.488000000003,11820.953905654418
2020,Peru,8766.584000000003,10677.924910882017
2021,Peru,9877.379000000004,11257.497629361034
2022,Peru,10099.041999999998,11676.772358313563
2023,Peru,10143.133000000005,11449.903890891785
2024,Peru,10941.468000000004,10519.413733406254
2013,Philippines,3778.8630000000003,7191.747178814602
2014,Philippines,3909.478000000002,7110.925983003819
2015,Philippines,4220.2980000000025,6557.405508506307
2016,Philippines,4547.889999999999,6359.396487311435
2017,Philippines,4925.255,6545.320862172664
2018,Philippines,5028.470000000004,6680.851838138839
2019,Philippines,5109.186000000003,7051.7984591885615
2020,Philippines,4583.802000000001,6895.16031910133
2021,Philippines,4823.635000000003,7045.022282724842
2022,Philippines,5010.158999999998,6804.6304861455255
2023,Philippines,5298.6799999999985,6989.683591914447
2024,Philippines,5633.134000000001,7005.601202626382
2013,Poland,29569.81999999999,36883.90734104547
2014,Poland,28468.644999999997,34113.49348085311
2015,Poland,28824.683999999987,27485.22107776479
2016,Poland,30061.390999999996,25428.07283823576
2017,Poland,31585.200999999986,25142.872780449357
2018,Poland,31957.37500000003,28305.09216548027
2019,Poland,31059.29900000001,24879.768470368253
2020,Poland,29845.576000000026,22922.214509539266
2021,Poland,32196.37699999999,24811.24966638981
2022,Poland,30919.549,19296.246312815892
2023,Poland,29225.965,16323.236774314226
2024,Poland,29205.866999999995,15147.662873871697
2013,Portugal,27696.96099999999,10398.487273830327
2014,Portugal,28038.580000000013,10250.026175779793
2015,Portugal,27918.61499999999,9931.364241325846
2016,Portugal,29949.438000000006,9821.277213710493
2017,Portugal,29221.198999999993,10470.158152391903
2018,Portugal,29450.922000000006,10365.576183863806
2019,Portugal,28333.353999999985,7833.313482394415
2020,Portugal,25577.22700000001,7214.756352545023
2021,Portugal,25646.461000000018,6451.157038707613
2022,Portugal,25206.769999999993,5330.715917742055
2023,Portugal,25498.833999999988,5102.819195769526
2024,Portugal,25921.92000000002,3960.8545048023393
2013,Qatar,237984.2499999999,258729.871294812
2014,Qatar,233136.78099999984,242266.7806925022
2015,Qatar,245300.70300000015,184042.72876412666
2016,Qatar,225640.73399999988,157463.69545089873
2017,Qatar,208401.06199999992,159557.9531590652
2018,Qatar,207654.15600000002,167659.3084103221
2019,Qatar,209161.531,153505.25904106663
2020,Qatar,183125.62500000017,138678.39984819997
2021,Qatar,192924.01599999997,155273.76760543772
2022,Qatar,195339.5160000001,169092.71339667393
2023,Qatar,208042.15600000016,144719.63621827733
2024,Qatar,214524.03100000002,140522.63494254195
2013,Romania,18420.92800000001,20372.692078541146
2014,Romania,18986.078000000016,18994.465515764005
2015,Romania,19180.52900000001,13613.875853937237
2016,Romania,19269.10500000001,14176.086712779108
2017,Romania,19702.821999999996,14531.664289147646
2018,Romania,20004.828000000012,17349.02530059308
2019,Romania,19681.439000000013,16286.008582265149
2020,Romania,19053.244000000002,15267.970500175848
2021,Romania,20261.879,17437.285693727714
2022,Romania,18791.196999999996,15195.212125137887
2023,Romania,18796.990000000016,14922.33503734625
2024,Romania,18694.204999999994,14800.188656644068
2013,Saudi Arabia,97450.37500000007,40190.40633990704
2014,Saudi Arabia,101100.43000000001,37857.81724751214
2015,Saudi Arabia,101972.83600000005,32579.80501835604
2016,Saudi Arabia,103518.09399999997,31379.45244699957
2017,Saudi Arabia,103365.06199999993,32829.810262164036
2018,Saudi Arabia,102146.24999999994,37795.15973827431
2019,Saudi Arabia,97378.07799999996,37646.751792976895
2020,Saudi Arabia,93196.03099999999,33448.088391339596
2021,Saudi Arabia,95196.47700000006,38058.56702585075
2022,Saudi Arabia,97902.85200000004,41602.91501332466
2023,Saudi Arabia,96221.67999999993,38180.69014195991
2024,Saudi Arabia,96883.46900000006,36245.83699931121
2013,Singapore,156554.17200000008,61145.823755552854
2014,Singapore,157656.0160000001,60413.44026995122
2015,Singapore,164989.93799999997,58081.21375653319
2016,Singapore,172267.9690000001,57519.90806519785
2017,Singapore,175961.43800000002,59510.170378919756
2018,Singapore,176344.12500000015,61211.35095904344
2019,Singapore,171885.95299999986,59813.697575806786
2020,Singapore,162518.46899999992,56596.33634640168
2021,Singapore,164444.0939999999,66181.0781552819
2022,Singapore,158523.266,70311.16475061934
2023,Singapore,171242.70300000007,64565.346368960505
2024,Singapore,180702.81199999992,65824.77647524216
2013,Slovenia,39281.50000000002,62196.314041576894
2014,Slovenia,40256.02699999999,58909.76530336443
2015,Slovenia,36271.44100000001,51633.6771469051
2016,Slovenia,38741.094,51698.22528686296
2017,Slovenia,39139.96099999999,53652.20116108658
2018,Slovenia,39813.33600000001,56742.8707322635
2019,Slovenia,38399.961000000025,55236.51571682717
2020,Slovenia,36765.823999999986,54285.96645362825
2021,Slovenia,36235.49999999997,55612.28276187765
2022,Slovenia,33378.53900000001,47217.798031248
2023,Slovenia,34820.320000000014,47242.627631334966
2024,Slovenia,37361.55499999999,40327.40220188594
2013,South Africa,26163.158000000018,29859.862321006705
2014,South Africa,26046.41400000001,26992.880125338237
2015,South Africa,24952.903999999984,21662.18813091243
2016,South Africa,25848.301,20078.91191686635
2017,South Africa,25594.49999999998,20219.556488289374
2018,South Africa,24053.71700000002,20243.721647119306
2019,South Africa,24698.13499999998,19425.561573873747
2020,South Africa,23110.024999999987,17220.214263809026
2021,South Africa,22855.15199999999,17713.64882247801
2022,South Africa,21580.702999999987,16056.726814412485
2023,South Africa,21641.166000000016,14330.631240997433
2024,South Africa,21286.564000000002,14868.489613198899
2013,Spain,33685.852,11843.535251380023
2014,Spain,33266.57400000003,12203.011297445313
2015,Spain,33697.98400000002,11849.665156158062
2016,Spain,33871.63700000002,11827.569238106178
2017,Spain,34181.616999999984,12608.81760996493
2018,Spain,34584.324000000015,12921.918696337201
2019,Spain,33390.29699999998,10971.470872894002
2020,Spain,29844.311000000027,7648.3366243810515
2021,Spain,32091.334000000013,7344.264169594499
2022,Spain,33289.168000000005,6515.612885378733
2023,Spain,32761.026999999995,5513.417708854694
2024,Spain,33901.69499999998,5418.411094227582
2013,Sri Lanka,3708.7379999999966,7052.314563045861
2014,Sri Lanka,3986.144000000003,7378.199155349051
2015,Sri Lanka,4201.588999999996,7716.526959913714
2016,Sri Lanka,4603.764000000004,7344.4957359034715
2017,Sri Lanka,4832.216999999997,7222.997445738264
2018,Sri Lanka,5049.603999999997,7096.317584977183
2019,Sri Lanka,5043.859,6332.2910959058745
2020,Sri Lanka,4653.041999999999,5971.32595197295
2021,Sri Lanka,4795.053999999999,5433.378872593596
2022,Sri Lanka,4265.705999999999,4173.344464593259
2023,Sri Lanka,4356.601999999999,3970.181771288758
2024,Sri Lanka,4819.2069999999985,4040.3529297858568
2013,Sweden,62865.31999999997,48336.485456888026
2014,Sweden,61958.79700000002,43374.99304494662
2015,Sweden,63479.34400000005,29900.5327748556
2016,Sweden,61411.530999999966,30429.15561978324
2017,Sweden,62771.39499999996,27936.17382217729
2018,Sweden,59869.63699999995,28863.10302294442
2019,Sweden,60882.85500000004,23339.51912831819
2020,Sweden,57977.68800000005,14557.064538109624
2021,Sweden,60836.69500000001,16929.241780720855
2022,Sweden,59279.46900000003,11206.7690916852
2023,Sweden,56803.23800000001,9485.93902934227
2024,Sweden,57509.895,6696.359981696721
2013,Switzerland,44387.51599999998,101953.79678093814
2014,Switzerland,42055.19099999996,99224.65723647576
2015,Switzerland,40599.46100000003,90575.35062851051
2016,Switzerland,37761.26200000002,86120.44402792351
2017,Switzerland,37498.32800000001,81608.16306750129
2018,Switzerland,37746.21100000002,82097.58489173347
2019,Switzerland,39167.12900000002,78818.59959138319
2020,Switzerland,35831.35499999999,77016.42045837053
2021,Switzerland,33316.73799999998,74627.04216797049
2022,Switzerland,33835.40599999999,71191.53936221439
2023,Switzerland,35766.633,69990.43168370373
2024,Switzerland,38026.02699999999,67330.25098114034
2013,Thailand,18796.798999999988,15822.021192850418
2014,Thailand,19328.406,15099.96878810316
2015,Thailand,19526.961000000003,14398.407451734976
2016,Thailand,19835.95300000002,13837.780527786153
2017,Thailand,20133.216999999997,13848.292683198872
2018,Thailand,20712.500000000004,14304.824529917409
2019,Thailand,20689.30700000001,13769.539862822709
2020,Thailand,19257.487999999987,13039.261966394652
2021,Thailand,19334.592000000004,12728.530329071065
2022,Thailand,19347.251999999986,11727.412779541599
2023,Thailand,19360.35400000001,11588.041683159543
2024,Thailand,19825.027000000006,11537.465005114727
2013,Trinidad and Tobago,161813.21899999992,115295.871328606
2014,Trinidad and Tobago,161027.93800000014,115674.34447188853
2015,Trinidad and Tobago,155082.65600000002,103607.92922750313
2016,Trinidad and Tobago,136238.0469999999,89635.57662936926
2017,Trinidad and Tobago,143277.4220000001,90533.61716562016
2018,Trinidad and Tobago,131956.74999999988,88601.3409589802
2019,Trinidad and Tobago,131463.859,84874.59987405293
2020,Trinidad and Tobago,114345.51599999992,76842.37796452422
2021,Trinidad and Tobago,116373.65600000008,83609.90666140057
2022,Trinidad and Tobago,115689.68000000001,89807.62584654675
2023,Trinidad and Tobago,109071.88299999993,79239.57737441738
2024,Trinidad and Tobago,105991.46100000004,77924.23681347887
2013,Turkmenistan,45064.39800000001,32942.777905637064
2014,Turkmenistan,46698.19099999998,33060.30053482522
2015,Turkmenistan,51843.97700000001,31389.69135812095
2016,Turkmenistan,54821.57400000002,27393.579770402008
2017,Turkmenistan,49726.99999999998,29054.015517306005
2018,Turkmenistan,54903.339999999975,29842.410130727836
2019,Turkmenistan,51540.62100000002,29283.48699688329
2020,Turkmenistan,63923.69100000004,27611.76951497949
2021,Turkmenistan,62718.25800000005,27480.010145365606
2022,Turkmenistan,65250.508,26808.173931008336
2023,Turkmenistan,59537.859000000004,27753.465680392022
2024,Turkmenistan,49525.35200000004,27388.712421906323
2013,Ukraine,29691.43800000002,20512.07098923718
2014,Ukraine,26284.742000000013,15285.475823179555
2015,Ukraine,21915.717000000004,11020.376349204545
2016,Ukraine,23017.74399999998,11268.857556817336
2017,Ukraine,21466.038999999986,11932.939774346343
2018,Ukraine,22384.743999999988,12960.826578695569
2019,Ukraine,21301.568000000014,13150.91651452316
2020,Ukraine,20556.229,11696.3147584255
2021,Ukraine,21105.297000000017,12829.547950454815
2022,Ukraine,15074.302000000009,10743.82708041884
2023,Ukraine,15586.709000000006,11890.821746694348
2024,Ukraine,15875.616999999991,12483.733347321675
2013,United Arab Emirates,144520.89100000003,109999.59736639932
2014,United Arab Emirates,137819.0940000001,104374.43828874445
2015,United Arab Emirates,140995.641,92896.07065214362
2016,United Arab Emirates,140576.76599999995,85329.38483279233
2017,United Arab Emirates,131237.90600000005,82281.89026978031
2018,United Arab Emirates,121188.29699999992,80363.92262586147
2019,United Arab Emirates,129769.98400000007,78758.59488018516
2020,United Arab Emirates,125364.01600000009,67814.71704420404
2021,United Arab Emirates,126734.71900000008,68322.08241719456
2022,United Arab Emirates,132097.56200000012,69372.2062491689
2023,United Arab Emirates,134680.37499999988,60516.58180083781
2024,United Arab Emirates,138027.12499999997,60083.690038990295
2013,United Kingdom,37094.233999999975,46491.87868675389
2014,United Kingdom,34774.95299999999,41664.51169354691
2015,United Kingdom,34863.80099999998,32563.784846985865
2016,United Kingdom,34099.39499999999,29046.662015030775
2017,United Kingdom,33924.53499999999,22987.537036069338
2018,United Kingdom,33653.074000000015,20928.186943226563
2019,United Kingdom,32677.021000000022,17882.697975125397
2020,United Kingdom,29440.081999999995,13008.003691835598
2021,United Kingdom,29422.256000000016,16983.723348186795
2022,United Kingdom,29480.278999999973,12613.916020417062
2023,United Kingdom,28094.708999999995,11527.069237557083
2024,United Kingdom,28015.78899999998,11147.222445267795
2013,United States,80374.15600000002,49573.14994583172
2014,United States,80453.977,48343.05260354878
2015,United States,78949.211,46151.49928183281
2016,United States,78155.11700000006,42653.90154694865
2017,United States,77729.68000000004,40144.282307307716
2018,United States,79893.96899999994,39996.1904691414
2019,United States,78683.477,38164.03462355055
2020,United States,72562.68000000004,33576.17509234493
2021,United States,76307.39099999996,33176.75764608497
2022,United States,77627.73400000004,31885.292536668378
2023,United States,76326.86700000004,31686.64317420008
2024,United States,76799.57799999995,29624.364295242878
2013,Uzbekistan,18355.098000000016,16920.706623963
2014,Uzbekistan,18733.072000000015,17657.2020392802
2015,Uzbekistan,17566.406000000006,17663.310912975117
2016,Uzbekistan,16645.042999999998,16584.331537752794
2017,Uzbekistan,16900.018000000004,13772.728052277414
2018,Uzbekistan,16649.704999999994,11787.32882533305
2019,Uzbekistan,16483.448999999997,12333.962282370423
2020,Uzbekistan,16072.545999999988,11783.331543665521
2021,Uzbekistan,16818.222999999987,12691.596925751475
2022,Uzbekistan,16958.797000000002,13340.271280091485
2023,Uzbekistan,16840.804999999997,13929.687943952327
2024,Uzbekistan,19129.292999999987,12881.727212465523
