year,country,actual_energy_per_capita,predicted_energy_per_capita
2013,Algeria,13978.626000000004,20281.026737995944
2014,Algeria,14937.212000000005,20622.17506033836
2015,Algeria,15430.442000000001,17222.816056451906
2016,Algeria,15103.688000000013,16458.438567484398
2017,Algeria,14962.95799999999,16525.639945149953
2018,Algeria,15753.915000000008,16734.26899612015
2019,Algeria,16037.807000000004,16171.558495072188
2020,Algeria,14733.621999999998,14525.79236563011
2021,Algeria,15808.996999999987,15525.282517501975
2022,Algeria,16145.355000000001,17018.46902842256
2023,Algeria,16994.39599999999,17656.26921593513
2024,Algeria,16237.208000000006,17412.216068777347
2013,Argentina,23705.771000000015,28563.378755010533
2014,Argentina,23080.312000000016,27394.938167099735
2015,Argentina,23230.51399999998,28791.280540392887
2016,Argentina,22909.24000000002,27620.99666177687
2017,Argentina,22511.043000000012,29569.658030041355
2018,Argentina,22081.709000000003,25584.57540347249
2019,Argentina,20582.338000000003,20721.06462639456
2020,Argentina,19117.844000000005,16391.75033576271
2021,Argentina,20925.641000000003,16427.366232308323
2022,Argentina,22049.956999999995,17737.86586494175
2023,Argentina,22053.07600000002,17499.448320220057
2024,Argentina,21513.966999999982,16413.862550453738
2013,Australia,66946.60199999996,80033.17479554066
2014,Australia,66387.85900000004,73852.1214602437
2015,Australia,66879.445,66496.58914132063
2016,Australia,66045.82,58215.321164034794
2017,Australia,64778.14099999997,57266.37788968632
2018,Australia,64726.54299999998,52789.6987737285
2019,Australia,65938.67199999998,46307.53595747472
2020,Australia,61584.387,38997.02214106271
2021,Australia,61230.58600000002,34900.35183714445
2022,Australia,63386.67599999994,32174.62803158954
2023,Australia,62658.19899999996,27414.002728318344
2024,Australia,62595.163999999975,24957.210871354713
2013,Austria,48441.76999999996,60994.294712692026
2014,Austria,46197.98000000002,56331.14568828577
2015,Austria,45856.56200000003,47839.41540298859
2016,Austria,46882.23799999997,46639.920925589984
2017,Austria,47457.812,44221.5350384555
2018,Austria,46190.93400000004,45486.64349571506
2019,Austria,48189.23399999999,40972.30701730028
2020,Austria,44852.355,39795.09605731876
2021,Austria,45314.429999999964,40525.960669909226
2022,Austria,42122.31599999999,34333.20477743397
2023,Austria,43148.26199999999,29485.46724275266
2024,Austria,45208.55499999997,24765.178171699703
2013,Azerbaijan,16225.344999999988,30923.129381281884
2014,Azerbaijan,16326.430999999986,30989.1526400649
2015,Azerbaijan,17618.11300000001,25365.5805994391
2016,Azerbaijan,17246.202999999994,20027.747327030516
2017,Azerbaijan,16748.21500000001,20257.193685273854
2018,Azerbaijan,17546.954999999994,20766.65633867559
2019,Azerbaijan,18385.993999999988,21085.69840086133
2020,Azerbaijan,18162.853999999992,20087.548707545975
2021,Azerbaijan,19302.621,22275.80888694129
2022,Azerbaijan,20425.552999999996,27110.493901689122
2023,Azerbaijan,21072.854999999996,25295.910176287434
2024,Azerbaijan,20137.49999999998,23461.02680957563
2013,Bangladesh,1958.5550000000003,6757.837210046219
2014,Bangladesh,2016.6409999999998,7028.755016051121
2015,Bangladesh,2416.200999999999,7448.970320723817
2016,Bangladesh,2404.6800000000003,8640.54321174642
2017,Bangladesh,2484.586,8707.202219606972
2018,Bangladesh,2631.3599999999997,8760.787573144431
2019,Bangladesh,2926.161000000001,9541.90944312919
2020,Bangladesh,2750.767999999999,10044.601541504959
2021,Bangladesh,2937.3369999999995,9547.331688145114
2022,Bangladesh,3023.728999999998,9418.443371117863
2023,Bangladesh,2954.8500000000004,9506.97512106514
2024,Bangladesh,3048.3139999999976,8933.303218608025
2013,Belarus,31085.462999999992,34519.7854398148
2014,Belarus,31127.76800000003,34500.543524234236
2015,Belarus,28139.03100000002,28577.834929642166
2016,Belarus,28718.506,24816.535848722433
2017,Belarus,29259.439000000002,26534.335505173214
2018,Belarus,32402.882999999983,27129.01336266558
2019,Belarus,32726.919999999973,27513.12979185746
2020,Belarus,30643.522999999994,25890.732576914856
2021,Belarus,33803.266000000025,28594.252180906456
2022,Belarus,33087.09000000001,29444.321429255175
2023,Belarus,33297.98000000002,28968.231693809583
2024,Belarus,34632.71499999998,29781.181523006053
2013,Belgium,62894.706999999995,58292.55223575794
2014,Belgium,58059.49600000002,52521.66637880197
2015,Belgium,58306.894999999975,44595.57336241063
2016,Belgium,62607.52299999996,47699.96891289741
2017,Belgium,62940.25800000004,46198.81937139924
2018,Belgium,62493.000000000044,42852.2609825581
2019,Belgium,64258.71499999999,41432.115612110545
2020,Belgium,57530.558999999994,33895.55529178751
2021,Belgium,63805.86700000004,38983.63612410784
2022,Belgium,59651.887000000046,33947.81951136813
2023,Belgium,55542.285000000025,28383.00817990436
2024,Belgium,54871.137000000024,29614.475019936926
2013,Brazil,17638.985999999997,16509.636866403656
2014,Brazil,17870.574000000008,15574.779555793268
2015,Brazil,17530.332000000006,12125.988335972273
2016,Brazil,16983.99399999999,10736.26062707756
2017,Brazil,16988.62299999999,10735.899257733694
2018,Brazil,16915.361,9611.723125074084
2019,Brazil,17194.147999999994,8718.98093592749
2020,Brazil,16401.881000000012,7026.5821948577195
2021,Brazil,17089.93,6732.359156586917
2022,Brazil,17744.196999999996,6268.659481598372
2023,Brazil,18252.031000000006,5517.419679854686
2024,Brazil,18486.23400000001,4573.12299321431
2013,Bulgaria,27270.529000000002,27900.737797822683
2014,Bulgaria,29286.78499999999,29028.77608816238
2015,Bulgaria,31303.598,25941.376378879686
2016,Bulgaria,29901.185999999994,25887.079143656963
2017,Bulgaria,30834.827999999983,27165.258548539594
2018,Bulgaria,31149.313999999988,28641.23003702404
2019,Bulgaria,30328.124999999978,28055.47029734235
2020,Bulgaria,28177.817999999992,26842.85700981149
2021,Bulgaria,32263.496000000025,31598.856404830865
2022,Bulgaria,33606.265999999996,31125.667879428373
2023,Bulgaria,29007.549000000017,24471.47636816101
2024,Bulgaria,28381.805,20295.62288990244
2013,Canada,113459.01599999993,61633.45978668593
2014,Canada,112508.57000000002,59147.450136191736
2015,Canada,111824.5,47998.78469553881
2016,Canada,109289.60200000003,44879.950199650724
2017,Canada,109394.31200000008,46185.27311898059
2018,Canada,109464.96100000001,45756.21322571185
2019,Canada,107455.76600000008,45010.36719200893
2020,Canada,100465.242,42128.71083119043
2021,Canada,100431.13300000006,45625.92163323029
2022,Canada,102122.55500000004,45963.00245308572
2023,Canada,98930.12499999993,43696.71348342889
2024,Canada,97784.66399999993,41577.35306655529
2013,Chile,23393.468999999994,32517.44516139409
2014,Chile,22924.914000000015,27763.677665375733
2015,Chile,22952.103999999992,24088.4776190984
2016,Chile,23753.172000000013,22596.08425235412
2017,Chile,24265.92600000001,20773.89310317781
2018,Chile,24785.59199999999,20023.08079928367
2019,Chile,24689.347999999994,17049.180176775033
2020,Chile,22842.786999999993,13652.593172006542
2021,Chile,24509.162,12632.957598336056
2022,Chile,25750.818000000014,9321.706626122983
2023,Chile,25306.41600000002,8103.79918943938
2024,Chile,26245.32200000001,7022.643497894713
2013,China,24548.492000000017,15699.476198372013
2014,China,25021.808999999983,15640.728272771878
2015,China,25166.629000000008,15079.2798827696
2016,China,25125.63299999998,13906.105416928698
2017,China,25949.13500000001,13366.524888439402
2018,China,27068.060999999983,13218.328219585912
2019,China,28231.928000000004,12709.389615096912
2020,China,29095.935999999998,12203.327311897388
2021,China,30738.947,12036.518472827902
2022,China,31235.70899999998,10766.633120482227
2023,China,33089.070000000014,9501.449846726047
2024,China,34514.45699999998,8316.027507593386
2013,Colombia,10509.717999999995,19998.817301161045
2014,Colombia,10964.926000000007,19627.949924630837
2015,Colombia,10738.832000000006,16272.608606841733
2016,Colombia,11569.521999999994,15434.66769641861
2017,Colombia,11535.705000000009,15530.213164966253
2018,Colombia,11652.97900000001,15634.931578462314
2019,Colombia,11495.889000000008,15062.051798198221
2020,Colombia,10227.398999999998,13727.5814803086
2021,Colombia,11053.641000000003,13741.429633561209
2022,Colombia,12123.162999999995,13733.57245652542
2023,Colombia,11760.219999999994,13848.845687165618
2024,Colombia,11645.50500000001,13972.570647956327
2013,Croatia,22646.155999999984,36175.37695673207
2014,Croatia,22753.914000000015,32303.16543847591
2015,Croatia,21755.933999999997,28118.356061480223
2016,Croatia,22901.75999999998,27435.496637170843
2017,Croatia,23236.057000000004,26580.935910927434
2018,Croatia,24388.77699999998,27019.52657711886
2019,Croatia,24035.667999999987,26407.763076741663
2020,Croatia,23110.982000000015,24169.882894729206
2021,Croatia,25050.48400000002,24486.322578224812
2022,Croatia,23846.327999999983,22328.15320284858
2023,Croatia,26982.85700000001,21825.61096561813
2024,Croatia,26615.818000000003,19411.273262223494
2013,Cyprus,23886.915999999994,26647.85359018171
2014,Cyprus,23544.074000000015,25855.080651149907
2015,Cyprus,23932.490000000016,21846.490468454558
2016,Cyprus,25655.028999999988,22101.650358181578
2017,Cyprus,25988.953000000016,22777.047960265183
2018,Cyprus,25546.662000000015,23502.818044907675
2019,Cyprus,25255.028999999977,22619.908726429854
2020,Cyprus,21718.069999999992,19905.63732598711
2021,Cyprus,22654.43400000002,19929.825441106354
2022,Cyprus,23791.674000000014,18973.6612356212
2023,Cyprus,23878.47999999999,17771.45025664683
2024,Cyprus,24552.00800000001,16143.413130763447
2013,Czechia,46638.33999999997,61577.941917091084
2014,Czechia,45633.62900000001,58510.82351430326
2015,Czechia,44726.312000000005,53487.24876998554
2016,Czechia,44092.188000000024,55533.06428213778
2017,Czechia,46539.027,56289.602435926376
2018,Czechia,46357.94099999998,59206.790192161956
2019,Czechia,45278.363,57433.6313355169
2020,Czechia,41949.20700000003,56001.596974192245
2021,Czechia,44290.46100000004,60425.553674232266
2022,Czechia,42043.55100000003,59020.25305712988
2023,Czechia,38043.90200000003,57668.048328842255
2024,Czechia,36589.94100000003,52021.44716454449
2013,Denmark,37701.08600000002,24150.54777419613
2014,Denmark,36068.89100000002,16851.45936568731
2015,Denmark,35008.297,12182.034471460294
2016,Denmark,35194.86699999998,15055.058493487762
2017,Denmark,35209.10500000002,11826.323228545138
2018,Denmark,34540.14100000001,12906.376337958027
2019,Denmark,37286.02000000001,10140.743396757187
2020,Denmark,32953.23000000001,7664.895469129518
2021,Denmark,32757.148000000027,8892.377476227979
2022,Denmark,32904.23399999999,5288.513201020262
2023,Denmark,32816.96899999998,4335.999564266225
2024,Denmark,32832.72300000002,3574.117138141548
2013,Ecuador,11356.245000000003,12260.768220104372
2014,Ecuador,11759.419000000009,12317.284511426487
2015,Ecuador,11560.563999999995,11672.526665184278
2016,Ecuador,11354.303000000004,11734.140672546453
2017,Ecuador,11641.762000000012,12183.50340025753
2018,Ecuador,12104.775,11877.646204416522
2019,Ecuador,12187.629999999997,11733.807687435161
2020,Ecuador,10421.881999999996,10961.021190448611
2021,Ecuador,12023.080000000002,11239.282361958916
2022,Ecuador,12495.517000000003,11303.705296679458
2023,Ecuador,12916.238999999994,11051.210827723466
2024,Ecuador,12722.124000000002,10898.864777655392
2013,Estonia,58779.137,80549.41644479905
2014,Estonia,56422.21900000001,80375.5588580384
2015,Estonia,52205.72300000001,65994.99282483166
2016,Estonia,53779.387,72098.89106458689
2017,Estonia,59576.14499999998,75793.48628873467
2018,Estonia,58913.63700000002,81810.14256965654
2019,Estonia,47303.273000000016,70620.77786300247
2020,Estonia,44173.070000000014,55660.806709792756
2021,Estonia,46139.468999999975,63841.280627140004
2022,Estonia,46892.24600000002,61168.53259918769
2023,Estonia,41164.26199999999,54442.13515606347
2024,Estonia,40987.72299999997,39223.374342958894
2013,Finland,62842.21500000004,89544.16611138167
2014,Finland,60389.10900000002,85693.32166337126
2015,Finland,60020.71500000001,67328.42864049909
2016,Finland,60793.02699999995,63386.39632065934
2017,Finland,59403.574,55863.48244028317
2018,Finland,60525.74999999995,54352.90710023215
2019,Finland,59219.214999999975,50737.87955114949
2020,Finland,56776.664000000026,40742.513978581126
2021,Finland,57855.25400000001,42931.793005533895
2022,Finland,57499.89799999999,30066.857348619378
2023,Finland,59656.23000000003,25785.835519548866
2024,Finland,59565.18000000004,16109.334080366969
2013,France,45428.76999999999,51982.082009419566
2014,France,43247.429999999986,49727.21731718283
2015,France,43493.34799999998,42560.971006451546
2016,France,42506.27,41435.41183994838
2017,France,42218.58999999999,40269.38893048036
2018,France,42589.29700000003,39698.58983084211
2019,France,41554.42200000001,35550.76046637188
2020,France,37087.58200000003,31034.091772348394
2021,France,39307.25399999997,34265.90316720515
2022,France,34796.07000000001,27605.954878366876
2023,France,36221.52300000001,25545.72977228035
2024,France,37865.63700000003,27566.91173807692
2013,Germany,47735.000000000044,37672.858468075174
2014,Germany,45596.52699999998,34258.555133529575
2015,Germany,46064.51200000003,26438.378707935397
2016,Germany,46416.72999999997,26980.13548284275
2017,Germany,47525.48399999999,23050.63588874344
2018,Germany,46125.52300000003,22056.866165180916
2019,Germany,44922.72300000001,18123.412449111063
2020,Germany,41838.70700000002,15337.073618035152
2021,Germany,42994.265999999996,19447.54325416859
2022,Germany,41094.14800000002,14961.585249167132
2023,Germany,37598.51199999999,11509.24343774
2024,Germany,37792.53099999998,11041.09573141406
2013,Greece,29934.25,25477.184581878446
2014,Greece,28266.47999999999,24190.056741948203
2015,Greece,28807.65199999999,19064.274930985794
2016,Greece,28489.996000000014,17498.851410577903
2017,Greece,29962.11900000002,18263.533504159477
2018,Greece,30199.63100000002,17944.033627831304
2019,Greece,29564.464999999997,14555.585350426632
2020,Greece,25885.402000000013,10352.402681882118
2021,Greece,28596.426000000007,10569.861164624095
2022,Greece,30188.368999999973,8946.31788578647
2023,Greece,29864.45499999998,7871.747236422014
2024,Greece,31965.987999999983,7682.349532666718
2013,Hungary,24070.616999999995,43653.019596894934
2014,Hungary,24158.36500000002,42115.79315620126
2015,Hungary,25514.333999999977,38255.66047939795
2016,Hungary,26043.051,38572.13350796307
2017,Hungary,27519.470999999987,39634.110843352486
2018,Hungary,27746.377000000008,40301.49868615418
2019,Hungary,28135.520999999982,37137.485988352084
2020,Hungary,27727.52300000001,34327.09806853097
2021,Hungary,29250.552999999978,33176.92297848387
2022,Hungary,27575.367000000006,28419.124263479567
2023,Hungary,26357.89500000002,25044.131387204623
2024,Hungary,26952.175999999996,21656.419471867604
2013,Iceland,181311.10900000014,126515.070531338
2014,Iceland,179037.93799999985,130358.54300981389
2015,Iceland,184962.18800000014,124619.2776417452
2016,Iceland,183122.64099999995,134086.58405458918
2017,Iceland,187043.203,142401.97741643785
2018,Iceland,188364.4690000001,143269.19707999434
2019,Iceland,175593.4379999999,135611.34942756177
2020,Iceland,158445.45299999992,126187.83643441882
2021,Iceland,162761.85900000014,135367.56398969426
2022,Iceland,167551.89100000006,137114.42293422364
2023,Iceland,165328.43799999997,138399.8625612751
2024,Iceland,159696.28099999996,138422.4576907093
2013,India,5527.780999999999,5206.35602149809
2014,India,5831.643000000002,5418.927079152895
2015,India,5943.0300000000025,5307.793963840843
2016,India,6148.2139999999945,5139.599930593882
2017,India,6304.287999999996,5225.152771802733
2018,India,6593.1700000000055,4950.317252408291
2019,India,6682.068000000004,4804.9459009184775
2020,India,6268.436999999995,4423.741727598546
2021,India,6749.357999999998,4858.283559624405
2022,India,7057.187000000006,4630.704197711403
2023,India,7529.440999999998,4684.4454243971995
2024,India,7812.927999999997,4715.227750895812
2013,Indonesia,7131.105999999994,9921.510437746261
2014,Indonesia,7171.867000000004,9701.09648810924
2015,Indonesia,7243.953000000002,9759.849452844142
2016,Indonesia,7120.3080000000045,10071.690145509627
2017,Indonesia,7569.616999999998,10370.342670501619
2018,Indonesia,7896.082999999998,10300.01981925736
2019,Indonesia,8271.659,11009.535305737458
2020,Indonesia,7700.859000000006,10651.058423804427
2021,Indonesia,7937.189000000002,11082.977950107112
2022,Indonesia,9859.905999999995,12565.53134961985
2023,Indonesia,9904.813999999993,12576.560012806614
2024,Indonesia,10528.603000000003,12661.375361338058
2013,Iraq,13759.097000000002,11921.851347550033
2014,Iraq,13055.957999999991,11367.536008141471
2015,Iraq,12548.279000000008,9055.364263353385
2016,Iraq,13119.030999999995,9279.152315058469
2017,Iraq,15213.580999999996,9514.598338620948
2018,Iraq,15464.562999999995,10843.897233243684
2019,Iraq,16212.401999999993,11621.198235429943
2020,Iraq,14121.960999999994,9901.672251134134
2021,Iraq,14358.397999999997,9816.929554317581
2022,Iraq,15429.918000000009,11507.370341101061
2023,Iraq,15925.56900000001,10652.237881291883
2024,Iraq,16002.374999999998,10572.349688102091
2013,Ireland,35677.965,44418.670215388935
2014,Ireland,35325.559,41770.800068749246
2015,Ireland,36983.53499999999,37472.778493770544
2016,Ireland,38268.816000000035,40502.58205014845
2017,Ireland,37987.91400000002,35573.998399104654
2018,Ireland,38348.42599999998,31884.43930744797
2019,Ireland,38065.92200000001,26057.917425486503
2020,Ireland,35440.219,20342.544511166405
2021,Ireland,35773.26600000003,29152.87471993184
2022,Ireland,36487.82800000003,24435.855987918243
2023,Ireland,34725.753999999986,19953.615829784
2024,Ireland,34594.28900000001,20100.73911220452
2013,Israel,34478.28499999999,76522.68399107743
2014,Israel,33002.12099999998,75798.11205533826
2015,Israel,34152.93000000003,69717.50298842487
2016,Israel,34174.40199999998,66998.66046873397
2017,Israel,34165.78100000002,68247.70566925536
2018,Israel,34337.328000000016,67781.71190147004
2019,Israel,34826.30900000003,63266.637011791885
2020,Israel,32400.560999999987,59568.53505046392
2021,Israel,32656.67600000001,58690.9545781839
2022,Israel,33816.85199999999,55837.683127451186
2023,Israel,30724.02300000002,41787.83070433046
2024,Israel,29591.479000000014,36010.63076433722
2013,Italy,30716.325999999983,31814.811113222655
2014,Italy,29940.529000000002,29744.155805154875
2015,Italy,30350.098000000005,27135.592764127636
2016,Italy,30333.948999999982,26662.885168829554
2017,Italy,30594.762000000024,26650.90834096118
2018,Italy,30853.688999999977,27390.76025427873
2019,Italy,30599.536999999982,25186.072204012824
2020,Italy,27764.100000000017,23672.55705754614
2021,Italy,29887.200999999994,25306.893854692833
2022,Italy,29444.693000000007,22639.930002102778
2023,Italy,28246.574000000008,20558.08334957346
2024,Italy,28584.546999999984,19523.6688653078
2013,Japan,43658.50000000002,44411.27738023396
2014,Japan,42606.805000000015,40933.35170141438
2015,Japan,42138.88300000001,36745.904272436914
2016,Japan,41646.93000000001,37859.43539041913
2017,Japan,42137.57799999999,35796.29039183562
2018,Japan,41899.99600000002,34922.52907737799
2019,Japan,41086.23400000003,33783.33989369848
2020,Japan,38203.23400000002,31455.212419102118
2021,Japan,40020.18399999999,30673.688132748583
2022,Japan,39974.96099999997,26460.76489673996
2023,Japan,39064.851999999984,24827.097215833393
2024,Japan,38745.054999999986,23933.459200936337
2013,Kazakhstan,41671.598000000005,51558.87503245658
2014,Kazakhstan,43169.09399999997,48246.536081746526
2015,Kazakhstan,35163.97999999999,39740.29501341775
2016,Kazakhstan,38735.784999999974,33233.40818130035
2017,Kazakhstan,41010.66799999999,37110.53905706098
2018,Kazakhstan,41684.41799999999,37404.702865437765
2019,Kazakhstan,41579.01599999999,35963.84288300144
2020,Kazakhstan,37775.097999999976,33106.6660615595
2021,Kazakhstan,41644.21899999997,33165.08346268392
2022,Kazakhstan,40893.456999999966,34372.405008913745
2023,Kazakhstan,41624.977000000006,35256.13460316729
2024,Kazakhstan,41865.30099999999,35034.33270428449
2013,Kuwait,127885.52299999993,81232.11451493636
2014,Kuwait,119276.65599999993,75399.4228754149
2015,Kuwait,122226.82000000007,60181.05151214289
2016,Kuwait,116374.61699999994,57350.86669955507
2017,Kuwait,112402.47699999994,57779.2084381283
2018,Kuwait,111576.44499999993,59106.276635052156
2019,Kuwait,99693.96099999997,55639.62663230819
2020,Kuwait,95379.328,48433.41464903034
2021,Kuwait,107582.50799999993,56336.74701227564
2022,Kuwait,102112.367,63994.93220728573
2023,Kuwait,103091.04699999993,58033.62056379924
2024,Kuwait,106399.586,54860.9371572766
2013,Latvia,22147.86899999998,42233.86645915118
2014,Latvia,20568.438999999984,42004.516299496
2015,Latvia,21293.231999999996,36841.81871570787
2016,Latvia,22950.72999999999,37645.8508022921
2017,Latvia,25379.521000000015,38209.28949560471
2018,Latvia,22826.49999999999,43602.20341955203
2019,Latvia,23645.68400000001,40317.93751494551
2020,Latvia,21682.938,38650.721247452166
2021,Latvia,22845.90199999999,42646.238406885
2022,Latvia,20474.739999999987,36262.20544955576
2023,Latvia,21655.676000000007,33819.24685593613
2024,Latvia,20722.95100000002,31037.22799389612
2013,Lithuania,21436.427999999993,36901.39854975456
2014,Lithuania,20866.72900000001,35866.85526417624
2015,Lithuania,22064.12099999998,29766.61173861829
2016,Lithuania,22908.757999999994,25434.648549763762
2017,Lithuania,24440.99200000001,25586.818157827365
2018,Lithuania,25324.251999999982,29390.351754094037
2019,Lithuania,25258.264000000006,25566.022249356665
2020,Lithuania,25143.689000000006,26002.350515634098
2021,Lithuania,25103.210999999996,29159.05152911664
2022,Lithuania,23098.574000000004,23681.777961914784
2023,Lithuania,24025.78700000001,15877.948736019147
2024,Lithuania,25660.837999999992,10696.434276311476
2013,Luxembourg,84098.90599999994,142445.89345513546
2014,Luxembourg,79595.09399999998,141090.49853736104
2015,Luxembourg,75565.75000000006,121788.93446844169
2016,Luxembourg,72770.328,118669.74054837841
2017,Luxembourg,74364.69499999996,109297.87036150068
2018,Luxembourg,76359.78900000005,108965.29382736093
2019,Luxembourg,76257.09400000007,103446.12459497826
2020,Luxembourg,64294.847999999954,98367.56606955452
2021,Luxembourg,67498.10900000003,108129.14418902592
2022,Luxembourg,59427.71099999998,91425.5503322249
2023,Luxembourg,56683.125,81633.31400010265
2024,Luxembourg,59051.21500000002,78408.02409817805
2013,Malaysia,36091.86299999998,29967.900357762544
2014,Malaysia,35757.515999999974,29934.030020669277
2015,Malaysia,35686.09799999997,28489.91446300609
2016,Malaysia,36876.895,26679.48050154002
2017,Malaysia,36732.15199999998,27587.500593865327
2018,Malaysia,36769.854999999974,28718.163588368738
2019,Malaysia,37119.55500000001,26999.61516111325
2020,Malaysia,35317.565999999984,26711.22611315037
2021,Malaysia,36500.800999999985,28349.205449728404
2022,Malaysia,39068.78100000001,27502.0443380022
2023,Malaysia,37724.656,25025.049456448894
2024,Malaysia,38865.914000000004,25402.26365418554
2013,Mexico,18952.094000000016,19099.00385808865
2014,Mexico,18621.6,18750.38684104307
2015,Mexico,18215.742000000002,16939.097115961744
2016,Mexico,18618.855000000007,15554.430490280736
2017,Mexico,18879.305000000004,16242.618162989622
2018,Mexico,18337.247999999985,16119.62383360362
2019,Mexico,17971.646000000015,14762.681954100592
2020,Mexico,16329.479999999992,11916.896003395523
2021,Mexico,17223.483999999986,11834.308569414708
2022,Mexico,17858.704999999998,12324.102611665045
2023,Mexico,17682.66800000001,13866.036973662956
2024,Mexico,17653.782999999992,13663.701460890303
2013,Morocco,6333.0830000000005,8121.483520237181
2014,Morocco,6344.883000000002,8026.678883190713
2015,Morocco,6381.811999999995,7257.828759319164
2016,Morocco,6376.426999999998,6452.377478074196
2017,Morocco,6595.904000000004,6561.707372852447
2018,Morocco,6747.097000000001,6225.223986475669
2019,Morocco,7286.238999999994,5999.941652038992
2020,Morocco,6625.938999999995,5742.987306736333
2021,Morocco,7275.991000000003,5985.262064142333
2022,Morocco,7146.288000000001,5451.383454495651
2023,Morocco,7189.815999999994,4946.593372356667
2024,Morocco,7256.857999999997,4551.54708970118
2013,Netherlands,62644.20300000003,63016.89970867932
2014,Netherlands,59678.69900000003,60702.135134615935
2015,Netherlands,60001.468999999975,53243.62049345201
2016,Netherlands,60683.78899999998,51680.55518926072
2017,Netherlands,60761.29299999999,48952.23530698235
2018,Netherlands,58901.60899999998,48724.26718883951
2019,Netherlands,58248.84,45199.905871477364
2020,Netherlands,56095.773000000016,37009.52674922606
2021,Netherlands,57247.406,35331.6204585151
2022,Netherlands,53288.550999999985,25673.80042452335
2023,Netherlands,51949.797000000035,19238.849172849867
2024,Netherlands,50824.55899999999,17072.329134975305
2013,New Zealand,53790.43000000003,62153.92457167672
2014,New Zealand,55423.20300000002,62374.37203159569
2015,New Zealand,54663.62099999999,54420.062465525036
2016,New Zealand,54230.99199999997,53877.24306368775
2017,New Zealand,53989.32800000002,56483.01893776138
2018,New Zealand,52735.421999999955,55050.65146990904
2019,New Zealand,52825.28100000001,53265.40800731336
2020,New Zealand,47201.20299999999,51984.75566075595
2021,New Zealand,46175.897999999965,53703.02799499519
2022,New Zealand,45347.651999999995,49071.24969836285
2023,New Zealand,46345.12100000003,46395.369219414344
2024,New Zealand,44712.12500000001,40996.12446616832
2013,North Macedonia,14961.198999999997,31777.592320348347
2014,North Macedonia,13996.883999999996,29706.534516148728
2015,North Macedonia,14884.73900000001,24522.047535735328
2016,North Macedonia,15598.600999999993,24320.372407016268
2017,North Macedonia,15165.26100000001,26530.14395446377
2018,North Macedonia,15849.746000000008,27068.070127400995
2019,North Macedonia,16366.77100000001,28551.903166110722
2020,North Macedonia,14801.46899999999,26032.198176983664
2021,North Macedonia,15665.547000000011,26744.32576292475
2022,North Macedonia,16701.57600000001,25741.940349292516
2023,North Macedonia,17753.396000000008,22872.074777314217
2024,North Macedonia,16220.345000000014,21738.785584741756
2013,Norway,102997.49200000001,104207.58451480532
2014,Norway,105490.03100000008,98809.65642609693
2015,Norway,105837.88299999996,81978.1230834105
2016,Norway,106501.33600000004,79972.37781145932
2017,Norway,106155.6950000001,79869.22166371503
2018,Norway,103851.664,77964.30024781277
2019,Norway,96479.96900000006,66974.06669156156
2020,Norway,103431.45300000004,51891.61622942168
2021,Norway,105250.95299999998,56956.80399147772
2022,Norway,97781.13300000007,51034.363713463375
2023,Norway,99924.60899999995,46414.372284919686
2024,Norway,99635.17200000005,44016.06839669977
2013,Oman,82845.73399999995,75324.34280835403
2014,Oman,78944.953,72106.0210481276
2015,Oman,80629.93799999998,63158.17744648103
2016,Oman,77125.23400000005,57775.320606686604
2017,Oman,77559.74999999994,56909.89741343851
2018,Oman,81779.25000000001,59785.75033960223
2019,Oman,81331.37499999996,57964.89048358755
2020,Oman,79946.39799999994,56171.59625067552
2021,Oman,88513.258,58168.49770043129
2022,Oman,89755.78099999993,58132.32379651695
2023,Oman,86223.41400000008,53816.697876180464
2024,Oman,84611.40600000003,52671.71330075058
2013,Pakistan,3673.496,5967.910573129685
2014,Pakistan,3669.798,5875.040159073138
2015,Pakistan,3816.6,5928.229908580074
2016,Pakistan,4090.3159999999993,5808.607751099615
2017,Pakistan,4263.787999999996,5935.587208371259
2018,Pakistan,4263.363999999998,6343.160884376693
2019,Pakistan,4218.508999999999,5947.728733720613
2020,Pakistan,4083.6720000000014,5593.143355603963
2021,Pakistan,4451.399999999996,5868.19626762964
2022,Pakistan,4017.6399999999967,5543.110613450032
2023,Pakistan,3653.4350000000018,5196.09679967045
2024,Pakistan,3535.542999999999,5332.782520510982
2013,Peru,8806.179999999998,17366.092142069625
2014,Peru,8926.520999999999,16996.423978203893
2015,Peru,9247.935999999994,15349.846713255973
2016,Peru,9684.880999999992,14657.365915155611
2017,Peru,9691.754,14517.65367963569
2018,Peru,9982.729000000003,13798.430413061584
2019,Peru,10064.488000000003,13472.273244942999
2020,Peru,8766.584000000003,12429.014539165664
2021,Peru,9877.379000000004,13006.114728136055
2022,Peru,10099.041999999998,13471.360768317383
2023,Peru,10143.133000000005,13294.40165551325
2024,Peru,10941.468000000004,12468.402003166006
2013,Philippines,3778.8630000000003,9577.858894743007
2014,Philippines,3909.478000000002,9531.530973179935
2015,Philippines,4220.2980000000025,8905.742133585174
2016,Philippines,4547.889999999999,8610.701719940322
2017,Philippines,4925.255,8729.400369298046
2018,Philippines,5028.470000000004,8909.034151765118
2019,Philippines,5109.186000000003,9348.49659076969
2020,Philippines,4583.802000000001,9379.385420160994
2021,Philippines,4823.635000000003,9458.78633068212
2022,Philippines,5010.158999999998,9146.842564938077
2023,Philippines,5298.6799999999985,9360.35633913465
2024,Philippines,5633.134000000001,9308.538817276107
2013,Poland,29569.81999999999,37856.90028088437
2014,Poland,28468.644999999997,35865.97112882959
2015,Poland,28824.683999999987,29994.669552476164
2016,Poland,30061.390999999996,27962.994075511248
2017,Poland,31585.200999999986,27494.50574112862
2018,Poland,31957.37500000003,30288.760907380576
2019,Poland,31059.29900000001,27338.42997028115
2020,Poland,29845.576000000026,25636.174677712064
2021,Poland,32196.37699999999,27331.318995168825
2022,Poland,30919.549,21922.83386695588
2023,Poland,29225.965,19005.76633748662
2024,Poland,29205.866999999995,17701.321348679347
2013,Portugal,27696.96099999999,13864.154132295364
2014,Portugal,28038.580000000013,13726.759839608878
2015,Portugal,27918.61499999999,13342.846028745294
2016,Portugal,29949.438000000006,13260.911520242315
2017,Portugal,29221.198999999993,14122.213939076437
2018,Portugal,29450.922000000006,14019.997847137058
2019,Portugal,28333.353999999985,11126.57508102352
2020,Portugal,25577.22700000001,10531.70595707669
2021,Portugal,25646.461000000018,9573.352197213626
2022,Portugal,25206.769999999993,8076.869629796278
2023,Portugal,25498.833999999988,7614.04162326529
2024,Portugal,25921.92000000002,6053.395619717445
2013,Qatar,237984.2499999999,208109.60115245372
2014,Qatar,233136.78099999984,196937.27253203548
2015,Qatar,245300.70300000015,155919.90316120372
2016,Qatar,225640.73399999988,136473.60398618804
2017,Qatar,208401.06199999992,138511.55925155565
2018,Qatar,207654.15600000002,144838.0499998824
2019,Qatar,209161.531,134557.51691056433
2020,Qatar,183125.62500000017,124357.39518571536
2021,Qatar,192924.01599999997,137202.79887399374
2022,Qatar,195339.5160000001,147245.52748919357
2023,Qatar,208042.15600000016,128490.29472832297
2024,Qatar,214524.03100000002,125688.81274950143
2013,Romania,18420.92800000001,23166.817456564146
2014,Romania,18986.078000000016,21835.464452396383
2015,Romania,19180.52900000001,16560.98117175917
2016,Romania,19269.10500000001,17073.664033105622
2017,Romania,19702.821999999996,17513.736766365557
2018,Romania,20004.828000000012,20293.995408504245
2019,Romania,19681.439000000013,19269.20011068833
2020,Romania,19053.244000000002,18288.873882701886
2021,Romania,20261.879,20524.912694557454
2022,Romania,18791.196999999996,18295.002299286065
2023,Romania,18796.990000000016,17990.730003255936
2024,Romania,18694.204999999994,17472.83734910967
2013,Saudi Arabia,97450.37500000007,37378.73852105703
2014,Saudi Arabia,101100.43000000001,35557.21396146222
2015,Saudi Arabia,101972.83600000005,31353.76307309869
2016,Saudi Arabia,103518.09399999997,30465.15421700873
2017,Saudi Arabia,103365.06199999993,31797.28933767329
2018,Saudi Arabia,102146.24999999994,36029.89536167403
2019,Saudi Arabia,97378.07799999996,36070.43025026249
2020,Saudi Arabia,93196.03099999999,32748.5886127184
2021,Saudi Arabia,95196.47700000006,36626.30383685183
2022,Saudi Arabia,97902.85200000004,39559.69981029179
2023,Saudi Arabia,96221.67999999993,36811.5096879703
2024,Saudi Arabia,96883.46900000006,35194.484889020176
2013,Singapore,156554.17200000008,56090.812700184244
2014,Singapore,157656.0160000001,55712.35447336713
2015,Singapore,164989.93799999997,54078.436949511546
2016,Singapore,172267.9690000001,53766.254527318364
2017,Singapore,175961.43800000002,55547.712579289444
2018,Singapore,176344.12500000015,57026.9219301567
2019,Singapore,171885.95299999986,56122.92006884335
2020,Singapore,162518.46899999992,53773.77251289172
2021,Singapore,164444.0939999999,61680.84418122522
2022,Singapore,158523.266,65175.71138426782
2023,Singapore,171242.70300000007,60551.19179028588
2024,Singapore,180702.81199999992,61681.03497446037
2013,Slovenia,39281.50000000002,66477.42723164168
2014,Slovenia,40256.02699999999,64468.59681469329
2015,Slovenia,36271.44100000001,57860.776441285496
2016,Slovenia,38741.094,57994.457231337816
2017,Slovenia,39139.96099999999,60377.470719610435
2018,Slovenia,39813.33600000001,62313.631119138
2019,Slovenia,38399.961000000025,60860.59800540481
2020,Slovenia,36765.823999999986,60951.431694627856
2021,Slovenia,36235.49999999997,61429.05741838598
2022,Slovenia,33378.53900000001,53476.26507395572
2023,Slovenia,34820.320000000014,52910.07250777172
2024,Slovenia,37361.55499999999,45261.75938213447
2013,South Africa,26163.158000000018,30705.655573567787
2014,South Africa,26046.41400000001,28239.38325213158
2015,South Africa,24952.903999999984,23353.119634019953
2016,South Africa,25848.301,22064.277081008913
2017,South Africa,25594.49999999998,22263.290238307072
2018,South Africa,24053.71700000002,22272.51300087297
2019,South Africa,24698.13499999998,21612.051987301984
2020,South Africa,23110.024999999987,19537.928454782264
2021,South Africa,22855.15199999999,20069.950469982043
2022,South Africa,21580.702999999987,18504.89780549741
2023,South Africa,21641.166000000016,16863.032133530953
2024,South Africa,21286.564000000002,17470.34924756721
2013,Spain,33685.852,14261.978248944191
2014,Spain,33266.57400000003,14620.45354710831
2015,Spain,33697.98400000002,14274.192185687918
2016,Spain,33871.63700000002,14242.33239201673
2017,Spain,34181.616999999984,15068.574925196304
2018,Spain,34584.324000000015,15366.51962466463
2019,Spain,33390.29699999998,13371.835938341468
2020,Spain,29844.311000000027,9939.857529913734
2021,Spain,32091.334000000013,9541.226794578148
2022,Spain,33289.168000000005,8507.112468770554
2023,Spain,32761.026999999995,7188.787705588107
2024,Spain,33901.69499999998,7033.647678760179
2013,Sri Lanka,3708.7379999999966,8628.969900336973
2014,Sri Lanka,3986.144000000003,9015.131307209223
2015,Sri Lanka,4201.588999999996,9465.933772822256
2016,Sri Lanka,4603.764000000004,9055.404501239624
2017,Sri Lanka,4832.216999999997,8913.434345910573
2018,Sri Lanka,5049.603999999997,8804.8866288167
2019,Sri Lanka,5043.859,7992.630509085136
2020,Sri Lanka,4653.041999999999,7613.58739123823
2021,Sri Lanka,4795.053999999999,7079.447670397732
2022,Sri Lanka,4265.705999999999,5623.404221289212
2023,Sri Lanka,4356.601999999999,5353.363669002318
2024,Sri Lanka,4819.2069999999985,5369.633633856969
2013,Sweden,62865.31999999997,59351.699525765456
2014,Sweden,61958.79700000002,53829.40973377527
2015,Sweden,63479.34400000005,38805.76369849172
2016,Sweden,61411.530999999966,40111.593212772364
2017,Sweden,62771.39499999996,37670.182354042285
2018,Sweden,59869.63699999995,39092.13668429975
2019,Sweden,60882.85500000004,32872.82000033648
2020,Sweden,57977.68800000005,21605.753423259557
2021,Sweden,60836.69500000001,24737.720036138773
2022,Sweden,59279.46900000003,17641.075212276817
2023,Sweden,56803.23800000001,15209.080630515167
2024,Sweden,57509.895,11606.085220606466
2013,Switzerland,44387.51599999998,97150.60762587702
2014,Switzerland,42055.19099999996,96051.99690110526
2015,Switzerland,40599.46100000003,87517.01432440264
2016,Switzerland,37761.26200000002,83885.30583507135
2017,Switzerland,37498.32800000001,79818.5794632093
2018,Switzerland,37746.21100000002,81229.40286799693
2019,Switzerland,39167.12900000002,78512.67208846836
2020,Switzerland,35831.35499999999,77235.23282314902
2021,Switzerland,33316.73799999998,74365.87192059038
2022,Switzerland,33835.40599999999,72195.06472998137
2023,Switzerland,35766.633,70585.36835880157
2024,Switzerland,38026.02699999999,66970.92606644695
2013,Thailand,18796.798999999988,16858.403332060065
2014,Thailand,19328.406,16274.302081257558
2015,Thailand,19526.961000000003,15679.440587788655
2016,Thailand,19835.95300000002,15230.70335637945
2017,Thailand,20133.216999999997,15272.335151290685
2018,Thailand,20712.500000000004,15874.05238942327
2019,Thailand,20689.30700000001,15424.756820861166
2020,Thailand,19257.487999999987,14808.640682134655
2021,Thailand,19334.592000000004,14666.76916021171
2022,Thailand,19347.251999999986,13725.479401270119
2023,Thailand,19360.35400000001,13630.715187571519
2024,Thailand,19825.027000000006,13610.114103404665
2013,Trinidad and Tobago,161813.21899999992,107739.00649605418
2014,Trinidad and Tobago,161027.93800000014,108445.27893757388
2015,Trinidad and Tobago,155082.65600000002,98993.20311151461
2016,Trinidad and Tobago,136238.0469999999,87688.500435286
2017,Trinidad and Tobago,143277.4220000001,88880.32613760064
2018,Trinidad and Tobago,131956.74999999988,87586.3047979527
2019,Trinidad and Tobago,131463.859,84712.0367253527
2020,Trinidad and Tobago,114345.51599999992,78152.03464012711
2021,Trinidad and Tobago,116373.65600000008,84264.68094159571
2022,Trinidad and Tobago,115689.68000000001,89766.59847122885
2023,Trinidad and Tobago,109071.88299999993,80934.48169979271
2024,Trinidad and Tobago,105991.46100000004,80023.47913907132
2013,Turkmenistan,45064.39800000001,34676.96188470991
2014,Turkmenistan,46698.19099999998,34816.06772745245
2015,Turkmenistan,51843.97700000001,33650.593347327784
2016,Turkmenistan,54821.57400000002,29881.225510218504
2017,Turkmenistan,49726.99999999998,31615.29260940083
2018,Turkmenistan,54903.339999999975,32458.547200299137
2019,Turkmenistan,51540.62100000002,32066.326507325386
2020,Turkmenistan,63923.69100000004,30533.222480603614
2021,Turkmenistan,62718.25800000005,30581.34195134717
2022,Turkmenistan,65250.508,30004.586118547268
2023,Turkmenistan,59537.859000000004,31009.846062066863
2024,Turkmenistan,49525.35200000004,30652.20454175983
2013,Ukraine,29691.43800000002,23576.106118371135
2014,Ukraine,26284.742000000013,18698.051772893486
2015,Ukraine,21915.717000000004,14411.289464525364
2016,Ukraine,23017.74399999998,14588.589804532547
2017,Ukraine,21466.038999999986,15485.558486451519
2018,Ukraine,22384.743999999988,16593.246303430526
2019,Ukraine,21301.568000000014,16834.05208147094
2020,Ukraine,20556.229,15171.66455847969
2021,Ukraine,21105.297000000017,16602.47605876075
2022,Ukraine,15074.302000000009,14323.619719830047
2023,Ukraine,15586.709000000006,15444.615458620465
2024,Ukraine,15875.616999999991,16054.507136949342
2013,United Arab Emirates,144520.89100000003,94337.60420759421
2014,United Arab Emirates,137819.0940000001,90279.18426063943
2015,United Arab Emirates,140995.641,82009.7083202454
2016,United Arab Emirates,140576.76599999995,76330.6563310019
2017,United Arab Emirates,131237.90600000005,74033.5947756104
2018,United Arab Emirates,121188.29699999992,72518.94664567767
2019,United Arab Emirates,129769.98400000007,71396.05409866486
2020,United Arab Emirates,125364.01600000009,63135.10932809903
2021,United Arab Emirates,126734.71900000008,63927.45298261711
2022,United Arab Emirates,132097.56200000012,65057.94304358609
2023,United Arab Emirates,134680.37499999988,58045.35916825134
2024,United Arab Emirates,138027.12499999997,58028.93684940084
2013,United Kingdom,37094.233999999975,45882.475424809185
2014,United Kingdom,34774.95299999999,42250.19568334949
2015,United Kingdom,34863.80099999998,35014.69625880459
2016,United Kingdom,34099.39499999999,31698.954178890286
2017,United Kingdom,33924.53499999999,26302.218614801986
2018,United Kingdom,33653.074000000015,24500.51375693942
2019,United Kingdom,32677.021000000022,21628.67928343894
2020,United Kingdom,29440.081999999995,17005.185148754423
2021,United Kingdom,29422.256000000016,21288.477569923383
2022,United Kingdom,29480.278999999973,16443.97476370082
2023,United Kingdom,28094.708999999995,15174.605484981614
2024,United Kingdom,28015.78899999998,15020.88107076428
2013,United States,80374.15600000002,43686.22898684744
2014,United States,80453.977,42879.05803631498
2015,United States,78949.211,41211.03635447437
2016,United States,78155.11700000006,38570.2878594813
2017,United States,77729.68000000004,36683.124590713465
2018,United States,79893.96899999994,36606.27493328021
2019,United States,78683.477,35196.467991022124
2020,United States,72562.68000000004,31796.49802408744
2021,United States,76307.39099999996,31380.597834234948
2022,United States,77627.73400000004,30325.220998025092
2023,United States,76326.86700000004,29992.799980856264
2024,United States,76799.57799999995,28246.65517946492
2013,Uzbekistan,18355.098000000016,18827.27011296
2014,Uzbekistan,18733.072000000015,19581.964781072755
2015,Uzbekistan,17566.406000000006,19631.197682831193
2016,Uzbekistan,16645.042999999998,18640.47324316355
2017,Uzbekistan,16900.018000000004,15966.977700746962
2018,Uzbekistan,16649.704999999994,14035.830785508295
2019,Uzbekistan,16483.448999999997,14615.24930414901
2020,Uzbekistan,16072.545999999988,14103.706694606333
2021,Uzbekistan,16818.222999999987,15060.770046938558
2022,Uzbekistan,16958.797000000002,15727.22011988232
2023,Uzbekistan,16840.804999999997,16363.186851171944
2024,Uzbekistan,19129.292999999987,15176.213747702493
